<?xml version = '1.0' encoding = 'UTF-8'?>
<Entity class="oracle.dbtools.crest.model.design.logical.Entity" directorySegmentName="seg_0" id="3D6FA3F4-CE3D-4ED4-F780-C65FB799C3EC" name="EXAMEN">
<createdBy>alumnos</createdBy>
<createdTime>2023-02-14 14:25:26 UTC</createdTime>
<ownerDesignName>PEVAU</ownerDesignName>
<engineerTo>
<item key="58FCEAA3-F619-E92F-83A2-35BE1AA155ED" value="true"/>
</engineerTo>
<adequatelyNormalized>NO</adequatelyNormalized>
<expectedVolumes>0</expectedVolumes>
<fwdEngineeringStrategyName>Single Table</fwdEngineeringStrategyName>
<growthPercent>0</growthPercent>
<growthType>Year</growthType>
<maxVolumes>9999999</maxVolumes>
<minVolumes>0</minVolumes>
<normalForm>Third</normalForm>
<attributes itemClass="oracle.dbtools.crest.model.design.logical.Attribute">
<Attribute name="FechayHora" id="03C53F15-90F7-CEBB-B6A0-2BF11B77548F">
<createdBy>alumnos</createdBy>
<createdTime>2023-02-14 14:26:10 UTC</createdTime>
<ownerDesignName>PEVAU</ownerDesignName>
<engineerTo>
<item key="58FCEAA3-F619-E92F-83A2-35BE1AA155ED" value="true"/>
</engineerTo>
<useDomainConstraints>false</useDomainConstraints>
<use>1</use>
<logicalDatatype>LOGDT007</logicalDatatype>
<ownDataTypeParameters>,,</ownDataTypeParameters>
</Attribute>
<Attribute name="Codigo" id="7CE2E321-6AF0-6101-17C2-E2787FABA275">
<createdBy>alumnos</createdBy>
<createdTime>2023-02-14 14:52:11 UTC</createdTime>
<generatorID>0E06A254-5602-3838-2B67-A7668BC6F4D6</generatorID>
<ownerDesignName>PEVAU</ownerDesignName>
<engineerTo>
<item key="58FCEAA3-F619-E92F-83A2-35BE1AA155ED" value="true"/>
</engineerTo>
<referedAttribute>C26E4259-8E86-68CA-0F1D-387E3BCA2625</referedAttribute>
<useDomainConstraints>false</useDomainConstraints>
<use>1</use>
<logicalDatatype>LOGDT011</logicalDatatype>
<ownDataTypeParameters>,,</ownDataTypeParameters>
</Attribute>
<Attribute name="Codigo1" id="895A0037-8BC5-BD60-31F9-7AF19E021BDB">
<createdBy>alumnos</createdBy>
<createdTime>2023-02-14 14:52:44 UTC</createdTime>
<generatorID>0E06A254-5602-3838-2B67-A7668BC6F4D6</generatorID>
<ownerDesignName>PEVAU</ownerDesignName>
<engineerTo>
<item key="58FCEAA3-F619-E92F-83A2-35BE1AA155ED" value="true"/>
</engineerTo>
<referedAttribute>C051B6B4-F539-8CB9-F89E-93AADDC42036</referedAttribute>
<useDomainConstraints>false</useDomainConstraints>
<use>1</use>
<logicalDatatype>LOGDT011</logicalDatatype>
<ownDataTypeParameters>,,</ownDataTypeParameters>
</Attribute>
<Attribute name="DNI" id="2FE663F2-AFE2-C311-B141-3FC1914C0A1C">
<createdBy>alumnos</createdBy>
<createdTime>2023-02-14 14:54:27 UTC</createdTime>
<generatorID>2234F333-8B1A-FFD2-811B-43717B3756EF</generatorID>
<ownerDesignName>PEVAU</ownerDesignName>
<engineerTo>
<item key="58FCEAA3-F619-E92F-83A2-35BE1AA155ED" value="true"/>
</engineerTo>
<referedAttribute>F021D5B8-54AD-B68D-4510-3AD5F8AABFF7</referedAttribute>
<useDomainConstraints>false</useDomainConstraints>
<use>1</use>
<logicalDatatype>LOGDT024</logicalDatatype>
<dataTypeSize>9 CHAR</dataTypeSize>
<ownDataTypeParameters>,,</ownDataTypeParameters>
</Attribute>
</attributes>
<identifiers itemClass="oracle.dbtools.crest.model.design.logical.CandidateKey">
<identifier id="0022B79D-E24E-E5CA-2172-3740BAC62C20" name="Examen PK">
<createdBy>alumnos</createdBy>
<createdTime>2023-02-14 14:26:59 UTC</createdTime>
<ownerDesignName>PEVAU</ownerDesignName>
<engineerTo>
<item key="58FCEAA3-F619-E92F-83A2-35BE1AA155ED" value="true"/>
</engineerTo>
<pk>true</pk>
<usedAttributes>
<attributeRef>03C53F15-90F7-CEBB-B6A0-2BF11B77548F</attributeRef>
<attributeRef>7CE2E321-6AF0-6101-17C2-E2787FABA275</attributeRef>
<attributeRef>895A0037-8BC5-BD60-31F9-7AF19E021BDB</attributeRef>
</usedAttributes>
</identifier>
</identifiers>
</Entity>