<?xml version = '1.0' encoding = 'UTF-8'?>
<Entity class="oracle.dbtools.crest.model.design.logical.Entity" directorySegmentName="seg_0" id="D886FCCE-CE6D-6947-965A-E7EC47B91C6C" name="AULA">
<createdBy>alumnos</createdBy>
<createdTime>2023-02-14 14:21:56 UTC</createdTime>
<ownerDesignName>PEVAU</ownerDesignName>
<engineerTo>
<item key="58FCEAA3-F619-E92F-83A2-35BE1AA155ED" value="true"/>
</engineerTo>
<adequatelyNormalized>NO</adequatelyNormalized>
<expectedVolumes>0</expectedVolumes>
<fwdEngineeringStrategyName>Single Table</fwdEngineeringStrategyName>
<growthPercent>0</growthPercent>
<growthType>Year</growthType>
<maxVolumes>9999999</maxVolumes>
<minVolumes>0</minVolumes>
<normalForm>Third</normalForm>
<attributes itemClass="oracle.dbtools.crest.model.design.logical.Attribute">
<Attribute name="Codigo" id="C26E4259-8E86-68CA-0F1D-387E3BCA2625">
<createdBy>alumnos</createdBy>
<createdTime>2023-02-14 14:22:03 UTC</createdTime>
<ownerDesignName>PEVAU</ownerDesignName>
<engineerTo>
<item key="58FCEAA3-F619-E92F-83A2-35BE1AA155ED" value="true"/>
</engineerTo>
<useDomainConstraints>false</useDomainConstraints>
<use>1</use>
<logicalDatatype>LOGDT011</logicalDatatype>
<ownDataTypeParameters>,,</ownDataTypeParameters>
</Attribute>
<Attribute name="Capacidad" id="FFCA8CE7-5827-22A8-B61D-A56A0D22847F">
<createdBy>alumnos</createdBy>
<createdTime>2023-02-14 14:22:41 UTC</createdTime>
<ownerDesignName>PEVAU</ownerDesignName>
<engineerTo>
<item key="58FCEAA3-F619-E92F-83A2-35BE1AA155ED" value="true"/>
</engineerTo>
<useDomainConstraints>false</useDomainConstraints>
<use>1</use>
<logicalDatatype>LOGDT011</logicalDatatype>
<ownDataTypeParameters>,,</ownDataTypeParameters>
</Attribute>
<Attribute name="Capacidad_Examen" id="D5A6165C-99CF-7933-82F3-6E4CF6F57DE1">
<createdBy>alumnos</createdBy>
<createdTime>2023-02-14 14:22:56 UTC</createdTime>
<ownerDesignName>PEVAU</ownerDesignName>
<engineerTo>
<item key="58FCEAA3-F619-E92F-83A2-35BE1AA155ED" value="true"/>
</engineerTo>
<useDomainConstraints>false</useDomainConstraints>
<use>1</use>
<logicalDatatype>LOGDT011</logicalDatatype>
<ownDataTypeParameters>,,</ownDataTypeParameters>
</Attribute>
<Attribute name="Descripción" id="9CE5BA9F-3DFB-7CBF-1490-AEB06795AF30">
<createdBy>alumnos</createdBy>
<createdTime>2023-02-14 14:23:32 UTC</createdTime>
<ownerDesignName>PEVAU</ownerDesignName>
<engineerTo>
<item key="58FCEAA3-F619-E92F-83A2-35BE1AA155ED" value="true"/>
</engineerTo>
<nullsAllowed>true</nullsAllowed>
<useDomainConstraints>false</useDomainConstraints>
<use>1</use>
<logicalDatatype>LOGDT024</logicalDatatype>
<dataTypeSize>500</dataTypeSize>
<ownDataTypeParameters>500,,</ownDataTypeParameters>
</Attribute>
<Attribute name="Codigo1" id="C051B6B4-F539-8CB9-F89E-93AADDC42036">
<createdBy>alumnos</createdBy>
<createdTime>2023-02-14 14:52:44 UTC</createdTime>
<generatorID>58778326-026F-C22E-B37F-2E1831029600</generatorID>
<ownerDesignName>PEVAU</ownerDesignName>
<engineerTo>
<item key="58FCEAA3-F619-E92F-83A2-35BE1AA155ED" value="true"/>
</engineerTo>
<referedAttribute>CB977CD4-D62D-BA45-861E-3358648ACB77</referedAttribute>
<useDomainConstraints>false</useDomainConstraints>
<use>1</use>
<logicalDatatype>LOGDT011</logicalDatatype>
<ownDataTypeParameters>,,</ownDataTypeParameters>
</Attribute>
</attributes>
<identifiers itemClass="oracle.dbtools.crest.model.design.logical.CandidateKey">
<identifier id="2089508F-6098-D492-2643-DA27A7E6F505" name="Aula PK">
<createdBy>alumnos</createdBy>
<createdTime>2023-02-14 14:22:19 UTC</createdTime>
<ownerDesignName>PEVAU</ownerDesignName>
<engineerTo>
<item key="58FCEAA3-F619-E92F-83A2-35BE1AA155ED" value="true"/>
</engineerTo>
<pk>true</pk>
<usedAttributes>
<attributeRef>C26E4259-8E86-68CA-0F1D-387E3BCA2625</attributeRef>
<attributeRef>C051B6B4-F539-8CB9-F89E-93AADDC42036</attributeRef>
</usedAttributes>
</identifier>
</identifiers>
</Entity>