<?xml version = '1.0' encoding = 'UTF-8'?>
<Diagram class="oracle.dbtools.crest.swingui.logical.DPVLogical" name="Logical" id="86617820-CF2F-7113-4D40-BFA0109C3D2A">
<createdBy>alumnos</createdBy>
<modifiedBy>alumnos</modifiedBy>
<createdTime>2023-02-14 12:43:09 UTC</createdTime>
<autoRoute>false</autoRoute>
<boxInbox>true</boxInbox>
<showLegend>false</showLegend>
<showLabels>true</showLabels>
<showRelAttributes>false</showRelAttributes>
<gridEnabled>false</gridEnabled>
<showGrid>false</showGrid>
<diagramColor>-1</diagramColor>
<display>false</display>
<notation>1</notation>
<objectViews>
<OView class="oracle.dbtools.crest.swingui.logical.TVEntity" oid="1D2BAA6F-80E3-F6E9-B540-E6F248B76B4F" otype="Entity" vid="49A2C72C-9A3C-56EE-09AC-B73D05539314">
<hideElementsInCurrentOnly>false</hideElementsInCurrentOnly>
<bounds x="1014" y="91" width="156" height="110"/>
</OView>
<OView class="oracle.dbtools.crest.swingui.logical.TVEntity" oid="2FCD6EBC-7401-37BF-7895-28849F889755" otype="Entity" vid="A4E9DA3E-3A0A-913E-8179-2624B4CEC420">
<hideElementsInCurrentOnly>false</hideElementsInCurrentOnly>
<bounds x="1187" y="318" width="143" height="93"/>
</OView>
<OView class="oracle.dbtools.crest.swingui.logical.TVEntity" oid="35288886-2841-0417-4337-2A713F9214DF" otype="Entity" vid="FB059F3F-9576-8AA5-9574-9B16EFCC6A8A">
<hideElementsInCurrentOnly>false</hideElementsInCurrentOnly>
<bounds x="519" y="183" width="171" height="119"/>
</OView>
<OView class="oracle.dbtools.crest.swingui.logical.TVEntity" oid="3D6FA3F4-CE3D-4ED4-F780-C65FB799C3EC" otype="Entity" vid="8F984BD8-DAE7-1FD0-FDCA-5B2292DE4B75">
<hideElementsInCurrentOnly>false</hideElementsInCurrentOnly>
<bounds x="808" y="378" width="136" height="91"/>
</OView>
<OView class="oracle.dbtools.crest.swingui.logical.TVEntity" oid="5236E36B-0767-00E8-2DD1-B8B5311B0AB7" otype="Entity" vid="757FC063-527F-5042-8E7D-8D56BCC29867">
<hideElementsInCurrentOnly>false</hideElementsInCurrentOnly>
<bounds x="190" y="199" width="138" height="96"/>
</OView>
<OView class="oracle.dbtools.crest.swingui.logical.TVEntity" oid="6D9F1E7D-B84A-4094-B2A3-33B2EEE75D7D" otype="Entity" vid="D696F570-BB6A-B7E2-2206-26489834DF45">
<hideElementsInCurrentOnly>false</hideElementsInCurrentOnly>
<bounds x="991" y="0" width="209" height="211"/>
</OView>
<OView class="oracle.dbtools.crest.swingui.logical.TVEntity" oid="89476713-DB51-56EA-0F52-811516921707" otype="Entity" vid="18474403-7307-DF9A-0066-B147222126A7">
<hideElementsInCurrentOnly>false</hideElementsInCurrentOnly>
<bounds x="167" y="471" width="160" height="116"/>
</OView>
<OView class="oracle.dbtools.crest.swingui.logical.TVEntity" oid="D886FCCE-CE6D-6947-965A-E7EC47B91C6C" otype="Entity" vid="B4131C4E-0D06-1659-62F8-26B99A8D8ADC">
<hideElementsInCurrentOnly>false</hideElementsInCurrentOnly>
<bounds x="476" y="357" width="164" height="129"/>
</OView>
<OView class="oracle.dbtools.crest.swingui.logical.TVEntity" oid="D8CACDC5-4D4C-16F3-2D9C-5043B32176A0" otype="Entity" vid="0FB9CFDF-9B63-0142-CF90-DCE0A1EED266">
<hideElementsInCurrentOnly>false</hideElementsInCurrentOnly>
<bounds x="204" y="7" width="149" height="106"/>
</OView>
</objectViews>
<connectors>
<Connector class="oracle.dbtools.crest.swingui.logical.TVInheritanceRelation" oid="0DD85830-7497-EAB0-DA48-07B66BF2D1CD" otype="Hierarchy relation" vid_source="D696F570-BB6A-B7E2-2206-26489834DF45" vid_target="49A2C72C-9A3C-56EE-09AC-B73D05539314">
<hideElementsInCurrentOnly>false</hideElementsInCurrentOnly>
<backgroundColor>-65536</backgroundColor>
<lineWidth>1</lineWidth>
</Connector>
<Connector class="oracle.dbtools.crest.swingui.logical.TVRelation" oid="0E06A254-5602-3838-2B67-A7668BC6F4D6" otype="Relation" vid_source="B4131C4E-0D06-1659-62F8-26B99A8D8ADC" vid_target="8F984BD8-DAE7-1FD0-FDCA-5B2292DE4B75">
<hideElementsInCurrentOnly>false</hideElementsInCurrentOnly>
<backgroundColor>-16777216</backgroundColor>
<lineWidth>1</lineWidth>
<points>
<point x="640" y="423"/>
<point x="808" y="423"/>
</points>
</Connector>
<Connector class="oracle.dbtools.crest.swingui.logical.TVRelation" oid="2234F333-8B1A-FFD2-811B-43717B3756EF" otype="Relation" vid_source="18474403-7307-DF9A-0066-B147222126A7" vid_target="8F984BD8-DAE7-1FD0-FDCA-5B2292DE4B75">
<hideElementsInCurrentOnly>false</hideElementsInCurrentOnly>
<backgroundColor>-16777216</backgroundColor>
<lineWidth>1</lineWidth>
<sourceLabel class="oracle.dbtools.crest.model.design.Label">
<site>0</site>
<labelBounds x="337" y="483" width="75" height="30"/>
<noBackgroundColor>true</noBackgroundColor>
<noForegroundColor>true</noForegroundColor>
</sourceLabel>
<targetLabel class="oracle.dbtools.crest.model.design.Label">
<site>2</site>
<labelBounds x="833" y="529" width="75" height="30"/>
<noBackgroundColor>true</noBackgroundColor>
<noForegroundColor>true</noForegroundColor>
</targetLabel>
<points>
<point x="327" y="513"/>
<point x="833" y="513"/>
<point x="833" y="469"/>
</points>
</Connector>
<Connector class="oracle.dbtools.crest.swingui.logical.TVRelation" oid="240FF749-99EF-617B-8BD4-A395447B5216" otype="Relation" vid_source="18474403-7307-DF9A-0066-B147222126A7" vid_target="757FC063-527F-5042-8E7D-8D56BCC29867">
<hideElementsInCurrentOnly>false</hideElementsInCurrentOnly>
<backgroundColor>-16777216</backgroundColor>
<lineWidth>1</lineWidth>
<sourceLabel class="oracle.dbtools.crest.model.design.Label">
<site>0</site>
<labelBounds x="295" y="427" width="61" height="30"/>
<noBackgroundColor>true</noBackgroundColor>
<noForegroundColor>true</noForegroundColor>
</sourceLabel>
<targetLabel class="oracle.dbtools.crest.model.design.Label">
<site>2</site>
<labelBounds x="295" y="339" width="64" height="30"/>
<noBackgroundColor>true</noBackgroundColor>
<noForegroundColor>true</noForegroundColor>
</targetLabel>
<points>
<point x="295" y="471"/>
<point x="295" y="295"/>
</points>
</Connector>
<Connector class="oracle.dbtools.crest.swingui.logical.TVRelation" oid="39AA2010-3D2D-0623-13B8-6ABE8EDE2D0E" otype="Relation" vid_source="0FB9CFDF-9B63-0142-CF90-DCE0A1EED266" vid_target="D696F570-BB6A-B7E2-2206-26489834DF45">
<hideElementsInCurrentOnly>false</hideElementsInCurrentOnly>
<backgroundColor>-16777216</backgroundColor>
<lineWidth>1</lineWidth>
<sourceLabel class="oracle.dbtools.crest.model.design.Label">
<site>0</site>
<labelBounds x="363" y="30" width="45" height="30"/>
<noBackgroundColor>true</noBackgroundColor>
<noForegroundColor>true</noForegroundColor>
</sourceLabel>
<targetLabel class="oracle.dbtools.crest.model.design.Label">
<site>2</site>
<labelBounds x="947" y="63" width="38" height="30"/>
<noBackgroundColor>true</noBackgroundColor>
<noForegroundColor>true</noForegroundColor>
</targetLabel>
<points>
<point x="353" y="60"/>
<point x="991" y="60"/>
</points>
</Connector>
<Connector class="oracle.dbtools.crest.swingui.logical.TVRelation" oid="47CC675A-FD79-C72A-D75E-CE55A7A04AEC" otype="Relation" vid_source="A4E9DA3E-3A0A-913E-8179-2624B4CEC420" vid_target="FB059F3F-9576-8AA5-9574-9B16EFCC6A8A">
<hideElementsInCurrentOnly>false</hideElementsInCurrentOnly>
<backgroundColor>-16777216</backgroundColor>
<lineWidth>1</lineWidth>
<points>
<point x="1187" y="340"/>
<point x="1084" y="340"/>
<point x="928" y="239"/>
<point x="690" y="239"/>
</points>
</Connector>
<Connector class="oracle.dbtools.crest.swingui.logical.TVRelation" oid="4EA6B17D-DD47-28CB-83A0-6A7D66D47E43" otype="Relation" vid_source="8F984BD8-DAE7-1FD0-FDCA-5B2292DE4B75" vid_target="FB059F3F-9576-8AA5-9574-9B16EFCC6A8A">
<hideElementsInCurrentOnly>false</hideElementsInCurrentOnly>
<backgroundColor>-16777216</backgroundColor>
<lineWidth>1</lineWidth>
<points>
<point x="917" y="378"/>
<point x="917" y="275"/>
<point x="690" y="275"/>
</points>
</Connector>
<Connector class="oracle.dbtools.crest.swingui.logical.TVRelation" oid="58778326-026F-C22E-B37F-2E1831029600" otype="Relation" vid_source="757FC063-527F-5042-8E7D-8D56BCC29867" vid_target="B4131C4E-0D06-1659-62F8-26B99A8D8ADC">
<hideElementsInCurrentOnly>false</hideElementsInCurrentOnly>
<backgroundColor>-16777216</backgroundColor>
<lineWidth>1</lineWidth>
<points>
<point x="328" y="275"/>
<point x="397" y="275"/>
<point x="400" y="406"/>
<point x="476" y="406"/>
</points>
</Connector>
<Connector class="oracle.dbtools.crest.swingui.logical.TVRelation" oid="5A950389-2A6E-AA03-2711-1FB2B5C4182E" otype="Relation" vid_source="8F984BD8-DAE7-1FD0-FDCA-5B2292DE4B75" vid_target="A4E9DA3E-3A0A-913E-8179-2624B4CEC420">
<hideElementsInCurrentOnly>false</hideElementsInCurrentOnly>
<backgroundColor>-16777216</backgroundColor>
<lineWidth>1</lineWidth>
<points>
<point x="944" y="394"/>
<point x="1187" y="394"/>
</points>
</Connector>
<Connector class="oracle.dbtools.crest.swingui.logical.TVRelation" oid="9E6625E3-EB02-A2D0-8A99-67A30792C507" otype="Relation" vid_source="D696F570-BB6A-B7E2-2206-26489834DF45" vid_target="FB059F3F-9576-8AA5-9574-9B16EFCC6A8A">
<hideElementsInCurrentOnly>false</hideElementsInCurrentOnly>
<backgroundColor>-16777216</backgroundColor>
<lineWidth>1</lineWidth>
<points>
<point x="991" y="197"/>
<point x="690" y="197"/>
</points>
</Connector>
<Connector class="oracle.dbtools.crest.swingui.logical.TVRelation" oid="A241C9DB-6566-99AE-E2A6-A8382EC27850" otype="Relation" vid_source="A4E9DA3E-3A0A-913E-8179-2624B4CEC420" vid_target="18474403-7307-DF9A-0066-B147222126A7">
<hideElementsInCurrentOnly>false</hideElementsInCurrentOnly>
<backgroundColor>-16777216</backgroundColor>
<lineWidth>1</lineWidth>
<points>
<point x="1295" y="411"/>
<point x="1295" y="612"/>
<point x="279" y="622"/>
<point x="279" y="587"/>
</points>
</Connector>
<Connector class="oracle.dbtools.crest.swingui.logical.TVRelation" oid="A2D52201-5051-D1A6-3877-EDEC2924A8E2" otype="Relation" vid_source="757FC063-527F-5042-8E7D-8D56BCC29867" vid_target="0FB9CFDF-9B63-0142-CF90-DCE0A1EED266">
<hideElementsInCurrentOnly>false</hideElementsInCurrentOnly>
<backgroundColor>-16777216</backgroundColor>
<lineWidth>1</lineWidth>
<points>
<point x="266" y="199"/>
<point x="266" y="113"/>
</points>
</Connector>
<Connector class="oracle.dbtools.crest.swingui.logical.TVRelation" oid="B25FD888-771B-1BBB-846C-7CFF57762836" otype="Relation" vid_source="18474403-7307-DF9A-0066-B147222126A7" vid_target="8F984BD8-DAE7-1FD0-FDCA-5B2292DE4B75">
<hideElementsInCurrentOnly>false</hideElementsInCurrentOnly>
<backgroundColor>-16777216</backgroundColor>
<lineWidth>1</lineWidth>
<sourceLabel class="oracle.dbtools.crest.model.design.Label">
<site>0</site>
<labelBounds x="337" y="530" width="43" height="30"/>
<noBackgroundColor>true</noBackgroundColor>
<noForegroundColor>true</noForegroundColor>
</sourceLabel>
<targetLabel class="oracle.dbtools.crest.model.design.Label">
<site>2</site>
<labelBounds x="926" y="537" width="53" height="30"/>
<noBackgroundColor>true</noBackgroundColor>
<noForegroundColor>true</noForegroundColor>
</targetLabel>
<points>
<point x="327" y="560"/>
<point x="926" y="560"/>
<point x="926" y="469"/>
</points>
</Connector>
<Connector class="oracle.dbtools.crest.swingui.logical.TVRelation" oid="F07CFF98-4C8F-7AA7-B34A-BE6205CAFED0" otype="Relation" vid_source="757FC063-527F-5042-8E7D-8D56BCC29867" vid_target="18474403-7307-DF9A-0066-B147222126A7">
<hideElementsInCurrentOnly>false</hideElementsInCurrentOnly>
<backgroundColor>-16777216</backgroundColor>
<lineWidth>1</lineWidth>
<sourceLabel class="oracle.dbtools.crest.model.design.Label">
<site>0</site>
<labelBounds x="220" y="331" width="75" height="30"/>
<noBackgroundColor>true</noBackgroundColor>
<noForegroundColor>true</noForegroundColor>
</sourceLabel>
<targetLabel class="oracle.dbtools.crest.model.design.Label">
<site>2</site>
<labelBounds x="220" y="437" width="75" height="28"/>
<noBackgroundColor>true</noBackgroundColor>
<noForegroundColor>true</noForegroundColor>
</targetLabel>
<points>
<point x="220" y="295"/>
<point x="220" y="471"/>
</points>
</Connector>
<Connector class="oracle.dbtools.crest.swingui.logical.TVRelation" oid="FAB89AE0-D4A6-6C1C-6025-591D87C368D9" otype="Relation" vid_source="D696F570-BB6A-B7E2-2206-26489834DF45" vid_target="A4E9DA3E-3A0A-913E-8179-2624B4CEC420">
<hideElementsInCurrentOnly>false</hideElementsInCurrentOnly>
<backgroundColor>-16777216</backgroundColor>
<lineWidth>1</lineWidth>
<sourceLabel class="oracle.dbtools.crest.model.design.Label">
<site>0</site>
<labelBounds x="1193" y="263" width="87" height="30"/>
<noBackgroundColor>true</noBackgroundColor>
<noForegroundColor>true</noForegroundColor>
</sourceLabel>
<targetLabel class="oracle.dbtools.crest.model.design.Label">
<site>2</site>
<labelBounds x="1193" y="284" width="36" height="28"/>
<noBackgroundColor>true</noBackgroundColor>
<noForegroundColor>true</noForegroundColor>
</targetLabel>
<points>
<point x="1193" y="211"/>
<point x="1193" y="318"/>
</points>
</Connector>
</connectors>
</Diagram>