<?xml version = '1.0' encoding = 'UTF-8'?>
<Relation class="oracle.dbtools.crest.model.design.logical.InheritanceRelation" name="Hierarchy_1" directorySegmentName="seg_0" id="0DD85830-7497-EAB0-DA48-07B66BF2D1CD">
<createdBy>alumnos</createdBy>
<createdTime>2023-02-14 14:37:40 UTC</createdTime>
<ownerDesignName>PEVAU</ownerDesignName>
<engineerTo>
<item key="58FCEAA3-F619-E92F-83A2-35BE1AA155ED" value="true"/>
</engineerTo>
<identifying>false</identifying>
<nameOnSource>Super Type</nameOnSource>
<nameOnTarget>Sub Type</nameOnTarget>
<optionalSource>true</optionalSource>
<optionalTarget>true</optionalTarget>
<sourceEntity>6D9F1E7D-B84A-4094-B2A3-33B2EEE75D7D</sourceEntity>
<targetEntity>1D2BAA6F-80E3-F6E9-B540-E6F248B76B4F</targetEntity>
<transferable>true</transferable>
<deleteRule>NO ACTION</deleteRule>
</Relation>