<?xml version = '1.0' encoding = 'UTF-8'?>
<Relation class="oracle.dbtools.crest.model.design.logical.Relation" name="Vocal-Examen-Responsable" directorySegmentName="seg_0" id="2234F333-8B1A-FFD2-811B-43717B3756EF">
<createdBy>alumnos</createdBy>
<createdTime>2023-02-14 14:54:27 UTC</createdTime>
<ownerDesignName>PEVAU</ownerDesignName>
<engineerTo>
<item key="58FCEAA3-F619-E92F-83A2-35BE1AA155ED" value="true"/>
</engineerTo>
<sourcePk>5BE35621-24A3-38B8-C9C8-9B41176BDC1F</sourcePk>
<identifying>false</identifying>
<nameOnSource>Responsable</nameOnSource>
<nameOnTarget>Responsable</nameOnTarget>
<optionalSource>true</optionalSource>
<optionalTarget>false</optionalTarget>
<sourceCardinality>1</sourceCardinality>
<sourceEntity>89476713-DB51-56EA-0F52-811516921707</sourceEntity>
<targetCardinalityString>*</targetCardinalityString>
<targetEntity>3D6FA3F4-CE3D-4ED4-F780-C65FB799C3EC</targetEntity>
<transferable>true</transferable>
<deleteRule>NO ACTION</deleteRule>
</Relation>