<?xml version = '1.0' encoding = 'UTF-8'?>
<Relation class="oracle.dbtools.crest.model.design.logical.Relation" name="Centro-Estudiante" directorySegmentName="seg_0" id="39AA2010-3D2D-0623-13B8-6ABE8EDE2D0E">
<createdBy>alumnos</createdBy>
<createdTime>2023-02-14 14:45:32 UTC</createdTime>
<ownerDesignName>PEVAU</ownerDesignName>
<engineerTo>
<item key="58FCEAA3-F619-E92F-83A2-35BE1AA155ED" value="true"/>
</engineerTo>
<sourcePk>48B7F0CF-286C-D0AA-DBB8-16AEFF74442C</sourcePk>
<identifying>false</identifying>
<nameOnSource>aporta</nameOnSource>
<nameOnTarget>provi</nameOnTarget>
<optionalSource>true</optionalSource>
<optionalTarget>false</optionalTarget>
<sourceCardinality>1</sourceCardinality>
<sourceEntity>D8CACDC5-4D4C-16F3-2D9C-5043B32176A0</sourceEntity>
<targetCardinalityString>*</targetCardinalityString>
<targetEntity>6D9F1E7D-B84A-4094-B2A3-33B2EEE75D7D</targetEntity>
<transferable>true</transferable>
<deleteRule>NO ACTION</deleteRule>
</Relation>