<?xml version = '1.0' encoding = 'UTF-8'?>
<Relation class="oracle.dbtools.crest.model.design.logical.Relation" name="Asistencia-Materia" directorySegmentName="seg_0" id="47CC675A-FD79-C72A-D75E-CE55A7A04AEC">
<createdBy>alumnos</createdBy>
<createdTime>2023-02-14 14:48:41 UTC</createdTime>
<ownerDesignName>PEVAU</ownerDesignName>
<engineerTo>
<item key="58FCEAA3-F619-E92F-83A2-35BE1AA155ED" value="true"/>
</engineerTo>
<sourcePk>FD8446AF-611B-B76D-77CA-A29ABAD5CC99</sourcePk>
<identifying>true</identifying>
<optionalSource>true</optionalSource>
<optionalTarget>false</optionalTarget>
<sourceCardinality>1</sourceCardinality>
<sourceEntity>2FCD6EBC-7401-37BF-7895-28849F889755</sourceEntity>
<targetCardinalityString>*</targetCardinalityString>
<targetEntity>35288886-2841-0417-4337-2A713F9214DF</targetEntity>
<transferable>true</transferable>
<deleteRule>NO ACTION</deleteRule>
</Relation>