<?xml version = '1.0' encoding = 'UTF-8'?>
<Relation class="oracle.dbtools.crest.model.design.logical.Relation" name="Examen-Asistencia" directorySegmentName="seg_0" id="4EA6B17D-DD47-28CB-83A0-6A7D66D47E43">
<createdBy>alumnos</createdBy>
<createdTime>2023-02-14 14:50:27 UTC</createdTime>
<ownerDesignName>PEVAU</ownerDesignName>
<engineerTo>
<item key="58FCEAA3-F619-E92F-83A2-35BE1AA155ED" value="true"/>
</engineerTo>
<sourcePk>0022B79D-E24E-E5CA-2172-3740BAC62C20</sourcePk>
<identifying>true</identifying>
<optionalSource>true</optionalSource>
<optionalTarget>false</optionalTarget>
<sourceCardinality>1</sourceCardinality>
<sourceEntity>3D6FA3F4-CE3D-4ED4-F780-C65FB799C3EC</sourceEntity>
<targetCardinalityString>*</targetCardinalityString>
<targetEntity>35288886-2841-0417-4337-2A713F9214DF</targetEntity>
<transferable>true</transferable>
<deleteRule>NO ACTION</deleteRule>
</Relation>