<?xml version = '1.0' encoding = 'UTF-8'?>
<Relation class="oracle.dbtools.crest.model.design.logical.Relation" name="Asistencia-Estudiante" directorySegmentName="seg_0" id="9E6625E3-EB02-A2D0-8A99-67A30792C507">
<createdBy>alumnos</createdBy>
<createdTime>2023-02-14 14:46:43 UTC</createdTime>
<ownerDesignName>PEVAU</ownerDesignName>
<engineerTo>
<item key="58FCEAA3-F619-E92F-83A2-35BE1AA155ED" value="true"/>
</engineerTo>
<sourcePk>B899CF07-402C-F0D9-DC83-BF541254A6D1</sourcePk>
<identifying>true</identifying>
<optionalSource>true</optionalSource>
<optionalTarget>false</optionalTarget>
<sourceCardinality>1</sourceCardinality>
<sourceEntity>6D9F1E7D-B84A-4094-B2A3-33B2EEE75D7D</sourceEntity>
<targetCardinalityString>*</targetCardinalityString>
<targetEntity>35288886-2841-0417-4337-2A713F9214DF</targetEntity>
<transferable>true</transferable>
<deleteRule>NO ACTION</deleteRule>
</Relation>