<?xml version = '1.0' encoding = 'UTF-8'?>
<Relation class="oracle.dbtools.crest.model.design.logical.Relation" name="Materia-Vocal" directorySegmentName="seg_0" id="A241C9DB-6566-99AE-E2A6-A8382EC27850">
<createdBy>alumnos</createdBy>
<createdTime>2023-02-14 15:01:14 UTC</createdTime>
<ownerDesignName>PEVAU</ownerDesignName>
<engineerTo>
<item key="58FCEAA3-F619-E92F-83A2-35BE1AA155ED" value="true"/>
</engineerTo>
<sourcePk>FD8446AF-611B-B76D-77CA-A29ABAD5CC99</sourcePk>
<identifying>false</identifying>
<optionalSource>true</optionalSource>
<optionalTarget>true</optionalTarget>
<sourceCardinality>1</sourceCardinality>
<sourceEntity>2FCD6EBC-7401-37BF-7895-28849F889755</sourceEntity>
<targetCardinalityString>*</targetCardinalityString>
<targetEntity>89476713-DB51-56EA-0F52-811516921707</targetEntity>
<transferable>true</transferable>
<deleteRule>NO ACTION</deleteRule>
</Relation>