<?xml version = '1.0' encoding = 'UTF-8'?>
<Relation class="oracle.dbtools.crest.model.design.logical.Relation" name="Sede-Centro" directorySegmentName="seg_0" id="A2D52201-5051-D1A6-3877-EDEC2924A8E2">
<createdBy>alumnos</createdBy>
<createdTime>2023-02-14 14:44:15 UTC</createdTime>
<ownerDesignName>PEVAU</ownerDesignName>
<engineerTo>
<item key="58FCEAA3-F619-E92F-83A2-35BE1AA155ED" value="true"/>
</engineerTo>
<sourcePk>3EAC66FF-C4B1-F82C-F0F9-EF85863DC437</sourcePk>
<identifying>false</identifying>
<optionalSource>true</optionalSource>
<optionalTarget>false</optionalTarget>
<sourceCardinality>1</sourceCardinality>
<sourceEntity>5236E36B-0767-00E8-2DD1-B8B5311B0AB7</sourceEntity>
<targetCardinalityString>*</targetCardinalityString>
<targetEntity>D8CACDC5-4D4C-16F3-2D9C-5043B32176A0</targetEntity>
<transferable>true</transferable>
<deleteRule>NO ACTION</deleteRule>
</Relation>