<?xml version = '1.0' encoding = 'UTF-8'?>
<Relation class="oracle.dbtools.crest.model.design.logical.Relation" name="Sede-Vocal-Responsable" directorySegmentName="seg_0" id="F07CFF98-4C8F-7AA7-B34A-BE6205CAFED0">
<createdBy>alumnos</createdBy>
<createdTime>2023-02-14 14:39:44 UTC</createdTime>
<ownerDesignName>PEVAU</ownerDesignName>
<engineerTo>
<item key="58FCEAA3-F619-E92F-83A2-35BE1AA155ED" value="true"/>
</engineerTo>
<sourcePk>3EAC66FF-C4B1-F82C-F0F9-EF85863DC437</sourcePk>
<targetPk>5BE35621-24A3-38B8-C9C8-9B41176BDC1F</targetPk>
<identifying>false</identifying>
<nameOnSource>Responsable</nameOnSource>
<nameOnTarget>Responsable</nameOnTarget>
<optionalSource>false</optionalSource>
<optionalTarget>true</optionalTarget>
<sourceCardinality>1</sourceCardinality>
<sourceEntity>5236E36B-0767-00E8-2DD1-B8B5311B0AB7</sourceEntity>
<targetCardinalityString>1</targetCardinalityString>
<targetEntity>89476713-DB51-56EA-0F52-811516921707</targetEntity>
<transferable>true</transferable>
<deleteRule>NO ACTION</deleteRule>
</Relation>